"date","state","dataQualityGrade","death","deathConfirmed","deathIncrease","deathProbable","hospitalized","hospitalizedCumulative","hospitalizedCurrently","hospitalizedIncrease","inIcuCumulative","inIcuCurrently","negative","negativeIncrease","negativeTestsAntibody","negativeTestsPeopleAntibody","negativeTestsViral","onVentilatorCumulative","onVentilatorCurrently","positive","positiveCasesViral","positiveIncrease","positiveScore","positiveTestsAntibody","positiveTestsAntigen","positiveTestsPeopleAntibody","positiveTestsPeopleAntigen","positiveTestsViral","recovered","totalTestEncountersViral","totalTestEncountersViralIncrease","totalTestResults","totalTestResultsIncrease","totalTestsAntibody","totalTestsAntigen","totalTestsPeopleAntibody","totalTestsPeopleAntigen","totalTestsPeopleViral","totalTestsPeopleViralIncrease","totalTestsViral","totalTestsViralIncrease"
"2021-02-04","MI","A+",15725,14778,81,947,,,1376,0,,314,8907925,48411,,,8907925,,165,617745,565251,1885,0,,,,,715933,481801,,0,9525670,50296,497112,,,,,0,9623858,50126
"2021-02-03","MI","A+",15644,14704,35,940,,,1376,0,,314,8859514,38700,,,8859514,,165,615860,563893,1717,0,,,,,714218,481801,,0,9475374,40417,495084,,,,,0,9573732,40276
"2021-02-02","MI","A+",15609,14672,73,937,,,1404,0,,337,8820814,17350,,,8820814,,174,614143,562510,1433,0,,,,,712642,481801,,0,9434957,18783,493773,,,,,0,9533456,18400
"2021-02-01","MI","A+",15536,14609,11,927,,,1409,0,,336,8803464,47245,,,8803464,,170,612710,561307,2572,0,,,,,711592,481801,,0,9416174,49817,492095,,,,,0,9515056,49911
"2021-01-31","MI","A+",15525,14601,0,924,,,1479,0,,364,8756219,0,,,8756219,,193,610138,559241,0,0,,,,,708926,481801,,0,9366357,0,490470,,,,,0,9465145,0
"2021-01-30","MI","A+",15525,14601,115,924,,,1479,0,,364,8756219,41119,,,8756219,,193,610138,559241,1511,0,,,,,708926,481801,,0,9366357,42630,490470,,,,,0,9465145,43036
"2021-01-29","MI","A+",15410,14497,8,913,,,1479,0,,364,8715100,50324,,,8715100,,193,608627,557883,2139,0,,,,,707009,463106,,0,9323727,52463,487677,,,,,0,9422109,52513
"2021-01-28","MI","A+",15402,14491,88,911,,,1536,0,,363,8664776,49066,,,8664776,,192,606488,556109,2255,0,,,,,704820,463106,,0,9271264,51321,486152,,,,,0,9369596,51507
"2021-01-27","MI","A+",15314,14411,9,903,,,1594,0,,377,8615710,46477,,,8615710,,202,604233,554237,2065,0,,,,,702379,463106,,0,9219943,48542,483813,,,,,0,9318089,48890
"2021-01-26","MI","A+",15305,14405,86,900,,,1638,0,,382,8569233,24894,,,8569233,,210,602168,552556,2075,0,,,,,699966,463106,,0,9171401,26969,481240,,,,,0,9269199,26808
"2021-01-25","MI","A+",15219,14326,38,893,,,1668,0,,392,8544339,54976,,,8544339,,199,600093,551080,3347,0,,,,,698052,463106,,0,9144432,58323,479890,,,,,0,9242391,60168
"2021-01-24","MI","A+",15181,14291,0,890,,,1843,0,,396,8489363,0,,,8489363,,191,596746,548069,0,0,,,,,692860,463106,,0,9086109,0,476180,,,,,0,9182223,0
"2021-01-23","MI","A+",15181,14291,230,890,,,1843,0,,396,8489363,50911,,,8489363,,191,596746,548069,1826,0,,,,,692860,463106,,0,9086109,52737,476180,,,,,0,9182223,53925
"2021-01-22","MI","A+",14951,14070,18,881,,,1843,0,,396,8438452,42306,,,8438452,,191,594920,546468,2538,0,,,,,689846,442408,,0,9033372,44844,474589,,,,,0,9128298,44578
"2021-01-21","MI","A+",14933,14053,163,880,,,1907,0,,385,8396146,52919,,,8396146,,199,592382,544311,2513,0,,,,,687574,442408,,0,8988528,55432,472922,,,,,0,9083720,55655
"2021-01-20","MI","A+",14770,13905,35,865,,,2077,0,,396,8343227,37638,,,8343227,,214,589869,542146,2421,0,,,,,684838,442408,,0,8933096,40059,470055,,,,,0,9028065,40284
"2021-01-19","MI","A+",14735,13865,49,870,,,2055,0,,413,8305589,17949,,,8305589,,228,587448,540115,2320,0,,,,,682192,442408,,0,8893037,20269,468615,,,,,0,8987781,19436
"2021-01-18","MI","A+",14686,13824,17,862,,,2140,0,,475,8287640,61811,,,8287640,,236,585128,538377,3343,0,,,,,680705,442408,,0,8872768,65154,466525,,,,,0,8968345,65957
"2021-01-17","MI","A+",14669,13804,0,865,,,2222,0,,493,8225829,0,,,8225829,,256,581785,535534,0,0,,,,,676559,442408,,0,8807614,0,463812,,,,,0,8902388,0
"2021-01-16","MI","A+",14669,13804,119,865,,,2222,0,,493,8225829,48146,,,8225829,,256,581785,535534,2211,0,,,,,676559,442408,,0,8807614,50357,463812,,,,,0,8902388,51259
"2021-01-15","MI","A+",14550,13701,39,849,,,2222,0,,493,8177683,39417,,,8177683,,256,579574,533602,3001,0,,,,,673446,415079,,0,8757257,42418,461932,,,,,0,8851129,42191
"2021-01-14","MI","A+",14511,13672,175,839,,,2238,0,,499,8138266,45873,,,8138266,,258,576573,531004,3295,0,,,,,670672,415079,,0,8714839,49168,459952,,,,,0,8808938,48921
"2021-01-13","MI","A+",14336,13533,40,803,,,2246,0,,501,8092393,38500,,,8092393,,255,573278,528306,3128,0,,,,,667624,415079,,0,8665671,41628,457314,,,,,0,8760017,41461
"2021-01-12","MI","A+",14296,13501,104,795,,,2443,0,,525,8053893,32762,,,8053893,,285,570150,525612,2468,0,,,,,664663,415079,,0,8624043,35230,455811,,,,,0,8718556,35336
"2021-01-11","MI","A+",14192,13401,47,791,,,2396,0,,485,8021131,68657,,,8021131,,272,567682,523618,5129,0,,,,,662089,415079,,0,8588813,73786,453747,,,,,0,8683220,74472
"2021-01-10","MI","A+",14145,13355,0,790,,,2480,0,,517,7952474,0,,,7952474,,294,562553,519082,0,0,,,,,656274,415079,,0,8515027,0,450681,,,,,0,8608748,0
"2021-01-09","MI","A+",14145,13355,232,790,,,2480,0,,517,7952474,48901,,,7952474,,294,562553,519082,2898,0,,,,,656274,415079,,0,8515027,51799,450681,,,,,0,8608748,53347
"2021-01-08","MI","A+",13913,13132,40,781,,,2480,0,,517,7903573,49293,,,7903573,,294,559655,516376,3908,0,,,,,651828,363611,,0,8463228,53201,447754,,,,,0,8555401,54079
"2021-01-07","MI","A+",13873,13094,206,779,,,2578,0,,509,7854280,40848,,,7854280,,300,555747,512751,4249,0,,,,,647042,363611,,0,8410027,45097,445336,,,,,0,8501322,45058
"2021-01-06","MI","A+",13667,12918,59,749,,,2657,0,,523,7813432,40588,,,7813432,,304,551498,508736,4856,0,,,,,642832,363611,,0,8364930,45444,443670,,,,,0,8456264,45351
"2021-01-05","MI","A+",13608,12867,217,741,,,2758,0,,548,7772844,21976,,,7772844,,308,546642,504410,3031,0,,,,,638069,363611,,0,8319486,25007,440635,,,,,0,8410913,24546
"2021-01-04","MI","A+",13391,12678,85,713,,,2698,0,,550,7750868,166414,,,7750868,,313,543611,502119,5490,0,,,,,635499,363611,,0,8294479,171904,439529,,,,,0,8386367,183614
"2021-01-03","MI","A+",13306,12598,0,708,,,2758,0,,629,7584454,0,,,7584454,,368,538121,497127,0,0,,,,,618299,363611,,0,8122575,0,427428,,,,,0,8202753,0
"2021-01-02","MI","A+",13306,12598,288,708,,,2758,0,,629,7584454,0,,,7584454,,368,538121,497127,9500,0,,,,,618299,363611,,0,8122575,9500,427428,,,,,0,8202753,0
"2021-01-01","MI","A+",13018,12333,0,685,,,2758,0,,629,7584454,0,,,7584454,,368,528621,488144,0,0,,,,,618299,318389,,0,8113075,0,427428,,,,,0,8202753,0
"2020-12-31","MI","A+",13018,12333,0,685,,,2758,0,,629,7584454,0,,,7584454,,368,528621,488144,0,0,,,,,618299,318389,,0,8113075,0,427428,,,,,0,8202753,0
"2020-12-30","MI","A+",13018,12333,52,685,,,2758,0,,629,7584454,43822,,,7584454,,368,528621,488144,4782,0,,,,,618299,318389,,0,8113075,48604,427428,,,,,0,8202753,48416
"2020-12-29","MI","A+",12966,12282,212,684,,,2906,0,,649,7540632,19672,,,7540632,,390,523839,483922,3963,0,,,,,613705,318389,,0,8064471,23635,425918,,,,,0,8154337,21648
"2020-12-28","MI","A+",12754,12089,64,665,,,2811,0,,662,7520960,58017,,,7520960,,407,519876,480508,3550,0,,,,,611729,318389,,0,8040836,61567,423406,,,,,0,8132689,62944
"2020-12-27","MI","A+",12690,12029,0,661,,,3108,0,,738,7462943,0,,,7462943,,416,516326,477269,0,0,,,,,606802,318389,,0,7979269,0,422569,,,,,0,8069745,0
"2020-12-26","MI","A+",12690,12029,275,661,,,3108,0,,738,7462943,121344,,,7462943,,416,516326,477269,7877,0,,,,,606802,318389,,0,7979269,129221,422569,,,,,0,8069745,132087
"2020-12-25","MI","A+",12415,11775,0,640,,,3108,0,,738,7341599,0,,,7341599,,416,508449,469928,0,0,,,,,596059,284731,,0,7850048,0,415661,,,,,0,7937658,0
"2020-12-24","MI","A+",12415,11775,0,640,,,3108,0,,738,7341599,0,,,7341599,,416,508449,469928,0,0,,,,,596059,284731,,0,7850048,0,415661,,,,,0,7937658,0
"2020-12-23","MI","A+",12415,11775,73,640,,,3108,0,,738,7341599,30230,,,7341599,,416,508449,469928,3820,0,,,,,596059,284731,,0,7850048,34050,415661,,,,,0,7937658,32764
"2020-12-22","MI","A+",12342,11705,189,637,,,3156,0,,731,7311369,30308,,,7311369,,426,504629,466485,3514,0,,,,,593525,284731,,0,7815998,33822,413750,,,,,0,7904894,33595
"2020-12-21","MI","A+",12153,11532,79,621,,,3179,0,,711,7281061,77483,,,7281061,,436,501115,463403,5059,0,,,,,590238,284731,,0,7782176,82542,411872,,,,,0,7871299,84618
"2020-12-20","MI","A+",12074,11461,0,613,,,3284,0,,758,7203578,0,,,7203578,,466,496056,458852,0,0,,,,,583103,284731,,0,7699634,0,409456,,,,,0,7786681,0
"2020-12-19","MI","A+",12074,11461,206,613,,,3284,0,,758,7203578,56985,,,7203578,,466,496056,458852,4181,0,,,,,583103,284731,,0,7699634,61166,409456,,,,,0,7786681,62678
"2020-12-18","MI","A+",11868,11274,67,594,,,3284,0,,758,7146593,46288,,,7146593,,466,491875,454956,4519,0,,,,,577410,236369,,0,7638468,50807,405263,,,,,0,7724003,50919
"2020-12-17","MI","A+",11801,11212,213,589,,,3395,0,,780,7100305,48529,,,7100305,,461,487356,450776,4541,0,,,,,572779,236369,,0,7587661,53070,402979,,,,,0,7673084,53747
"2020-12-16","MI","A+",11588,11018,93,570,,,3571,0,,818,7051776,49795,,,7051776,,476,482815,446752,4644,0,,,,,567561,236369,,0,7534591,54439,400859,,,,,0,7619337,55380
"2020-12-15","MI","A+",11495,10935,206,560,,,3674,0,,821,7001981,44313,,,7001981,,508,478171,442715,5391,0,,,,,561976,236369,,0,7480152,49704,397438,,,,,0,7563957,49711
"2020-12-14","MI","A+",11289,10752,94,537,,,3802,0,,860,6957668,80837,,,6957668,,514,472780,437985,7621,0,,,,,556578,236369,,0,7430448,88458,395683,,,,,0,7514246,90046
"2020-12-13","MI","A+",11195,10662,0,533,,,3893,0,,863,6876831,0,,,6876831,,518,465159,430780,0,0,,,,,547369,236369,,0,7341990,0,392309,,,,,0,7424200,0
"2020-12-12","MI","A+",11195,10662,230,533,,,3893,0,,863,6876831,51829,,,6876831,,518,465159,430780,4813,0,,,,,547369,236369,,0,7341990,56642,392309,,,,,0,7424200,57647
"2020-12-11","MI","A+",10965,10456,65,509,,,3893,0,,863,6825002,52723,,,6825002,,518,460346,426294,5626,0,,,,,541551,197750,,0,7285348,58349,390240,,,,,0,7366553,59768
"2020-12-10","MI","A+",10900,10395,194,505,,,3893,0,,863,6772279,53788,,,6772279,,518,454720,421137,6302,0,,,,,534506,197750,,0,7226999,60090,388121,,,,,0,7306785,60320
"2020-12-09","MI","A+",10706,10213,81,493,,,3925,0,,857,6718491,42314,,,6718491,,522,448418,415200,5342,0,,,,,527974,197750,,0,7166909,47656,385279,,,,,0,7246465,48099
"2020-12-08","MI","A+",10625,10138,203,487,,,4091,0,,849,6676177,53857,,,6676177,,512,443076,410295,6676,0,,,,,522189,197750,,0,7119253,60533,383571,,,,,0,7198366,61388
"2020-12-07","MI","A+",10422,9947,101,475,,,4122,0,,840,6622320,83838,,,6622320,,515,436400,404386,9824,0,,,,,514658,197750,,0,7058720,93662,380511,,,,,0,7136978,95601
"2020-12-06","MI","A+",10321,9854,0,467,,,4141,0,,855,6538482,0,,,6538482,,513,426576,395036,0,0,,,,,502895,197750,,0,6965058,0,378723,,,,,0,7041377,0
"2020-12-05","MI","A+",10321,9854,204,467,,,4141,0,,855,6538482,58590,,,6538482,,513,426576,395036,6308,0,,,,,502895,197750,,0,6965058,64898,378723,,,,,0,7041377,68207
"2020-12-04","MI","A+",10117,9661,82,456,,,4141,0,,855,6479892,58936,,,6479892,,513,420268,389032,9425,0,,,,,493278,165269,,0,6900160,68361,375457,,,,,0,6973170,68645
"2020-12-03","MI","A+",10035,9580,193,455,,,4175,0,,840,6420956,61820,,,6420956,,502,410843,380343,7957,0,,,,,483569,165269,,0,6831799,69777,373357,,,,,0,6904525,73467
"2020-12-02","MI","A+",9842,9405,83,437,,,4266,0,,837,6359136,38000,,,6359136,,509,402886,373197,7433,0,,,,,471922,165269,,0,6762022,45433,370666,,,,,0,6831058,43905
"2020-12-01","MI","A+",9759,9324,195,435,,,4310,0,,874,6321136,32742,,,6321136,,526,395453,366242,6511,0,,,,,466017,165269,,0,6716589,39253,369466,,,,,0,6787153,38421
"2020-11-30","MI","A+",9564,9134,97,430,,,4326,0,,851,6288394,92105,,,6288394,,531,388942,360449,10790,0,,,,,460338,165269,,0,6677336,102895,367228,,,,,0,6748732,106844
"2020-11-29","MI","A+",9467,9036,0,431,,,4097,0,,832,6196289,0,,,6196289,,472,378152,350021,0,0,,,,,445599,165269,,0,6574441,0,365318,,,,,0,6641888,0
"2020-11-28","MI","A+",9467,9036,110,431,,,4097,0,,832,6196289,52333,,,6196289,,472,378152,350021,8351,0,,,,,445599,165269,,0,6574441,60684,365318,,,,,0,6641888,59320
"2020-11-27","MI","A+",9357,8933,187,424,,,4097,0,,832,6143956,103826,,,6143956,,472,369801,341941,17368,0,,,,,438612,152267,,0,6513757,121194,362221,,,,,0,6582568,119731
"2020-11-26","MI","A+",9170,8761,0,409,,,4063,0,,843,6040130,0,,,6040130,,464,352433,324779,0,0,,,,,422707,152267,,0,6392563,0,359142,,,,,0,6462837,0
"2020-11-25","MI","A+",9170,8761,76,409,,,4063,0,,843,6040130,53499,,,6040130,,464,352433,324779,4687,0,,,,,422707,152267,,0,6392563,58186,359142,,,,,0,6462837,61805
"2020-11-24","MI","A+",9094,8688,154,406,,,4087,0,,865,5986631,64059,,,5986631,,445,347746,320506,6782,0,,,,,414401,152267,,0,6334377,70841,358188,,,,,0,6401032,73541
"2020-11-23","MI","A+",8940,8543,65,397,,,4047,0,,872,5922572,87340,,,5922572,,455,340964,314216,11943,0,,,,,404919,152267,,0,6263536,99283,356370,,,,,0,6327491,100523
"2020-11-22","MI","A+",8875,8478,0,397,,,3887,0,,835,5835232,0,,,5835232,,403,329021,302705,0,0,,,,,391736,152267,,0,6164253,0,354957,,,,,0,6226968,0
"2020-11-21","MI","A+",8875,8478,101,397,,,3887,0,,835,5835232,79727,,,5835232,,403,329021,302705,7840,0,,,,,391736,152267,,0,6164253,87567,354957,,,,,0,6226968,89883
"2020-11-20","MI","A+",8774,8377,57,397,,,3887,0,,835,5755505,73619,,,5755505,,403,321181,295177,10140,0,,,,,381580,138862,,0,6076686,83759,353571,,,,,0,6137085,85362
"2020-11-19","MI","A+",8717,8324,144,393,,,3824,0,,843,5681886,62253,,,5681886,,400,311041,285398,7983,0,,,,,369837,138862,,0,5992927,70236,352058,,,,,0,6051723,71228
"2020-11-18","MI","A+",8573,8190,62,383,,,3792,0,,809,5619633,50686,,,5619633,,396,303058,277806,6218,0,,,,,360862,138862,,0,5922691,56904,350177,,,,,0,5980495,58769
"2020-11-17","MI","A+",8511,8128,80,383,,,3752,0,,776,5568947,49431,,,5568947,,367,296840,272034,7886,0,,,,,352779,138862,,0,5865787,57317,349416,,,,,0,5921726,57670
"2020-11-16","MI","A+",8431,8049,55,382,,,3580,0,,749,5519516,102724,,,5519516,,343,288954,264576,13162,0,,,,,344540,138862,,0,5808470,115886,347813,,,,,0,5864056,117843
"2020-11-15","MI","A+",8376,7994,0,382,,,3241,0,,660,5416792,0,,,5416792,,272,275792,251813,0,0,,,,,329421,138862,,0,5692584,0,346627,,,,,0,5746213,0
"2020-11-14","MI","A+",8376,7994,68,382,,,3241,0,,660,5416792,62002,,,5416792,,272,275792,251813,7430,0,,,,,329421,138862,,0,5692584,69432,346627,,,,,0,5746213,72021
"2020-11-13","MI","A+",8308,7929,123,379,,,3241,0,,660,5354790,64181,,,5354790,,272,268362,244741,9179,0,,,,,319402,128981,,0,5623152,73360,344502,,,,,0,5674192,74496
"2020-11-12","MI","A+",8185,7811,49,374,,,3209,0,,628,5290609,60005,,,5290609,,253,259183,236225,7311,0,,,,,309087,128981,,0,5549792,67316,343088,,,,,0,5599696,68512
"2020-11-11","MI","A+",8136,7766,42,370,,,3093,0,,604,5230604,48231,,,5230604,,263,251872,229285,6620,0,,,,,300580,128981,,0,5482476,54851,341946,,,,,0,5531184,56015
"2020-11-10","MI","A+",8094,7724,86,370,,,2959,0,,595,5182373,52371,,,5182373,,257,245252,223277,6944,0,,,,,292796,128981,,0,5427625,59315,339921,,,,,0,5475169,61281
"2020-11-09","MI","A+",8008,7640,63,368,,,2815,0,,544,5130002,145044,,,5130002,,239,238308,216804,9305,0,,,,,283886,128981,,0,5368310,154349,339100,,,,,0,5413888,87225
"2020-11-08","MI","A+",7945,7578,0,367,,,2425,0,,484,4984958,0,,,4984958,,202,229003,207794,0,0,,,,,266355,128981,,0,5213961,0,338299,,,,,0,5326663,0
"2020-11-07","MI","A+",7945,7578,65,367,,,2425,0,,484,4984958,0,,,4984958,,202,229003,207794,6494,0,,,,,266355,128981,,0,5213961,6494,338299,,,,,0,5326663,75350
"2020-11-06","MI","A+",7880,7513,47,367,,,2425,0,,484,4984958,48339,,,4984958,,202,222509,201569,4246,0,,,,,266355,121093,,0,5207467,52585,336396,,,,,0,5251313,115366
"2020-11-05","MI","A+",7833,7470,51,363,,,2280,0,,475,4936619,55103,,,4936619,,194,218263,197806,6103,0,,,,,260736,121093,,0,5154882,61206,333334,,,,,0,5135947,0
"2020-11-04","MI","A+",7782,7419,21,363,,,2215,0,,470,4881516,38789,,,4881516,,199,212160,192096,4397,0,,,,,254431,121093,,0,5093676,43186,333334,,,,,0,5135947,43267
"2020-11-03","MI","A+",7761,7400,45,361,,,2059,0,,444,4842727,38754,,,4842727,,183,207763,187995,3437,0,,,,,249953,121093,,0,5050490,42191,332703,,,,,0,5092680,43252
"2020-11-02","MI","A+",7716,7357,17,359,,,1966,0,,428,4803973,89787,,,4803973,,180,204326,184889,6920,0,,,,,245455,121093,,0,5008299,96707,331012,,,,,0,5049428,96962
"2020-11-01","MI","A+",7699,7340,0,359,,,1728,0,,398,4714186,0,,,4714186,,167,197406,178180,0,0,,,,,238280,121093,,0,4911592,0,329831,,,,,0,4952466,0
"2020-10-31","MI","A+",7699,7340,34,359,,,1728,0,,398,4714186,45491,,,4714186,,167,197406,178180,4018,0,,,,,238280,121093,,0,4911592,49509,329831,,,,,0,4952466,50074
"2020-10-30","MI","A+",7665,7309,12,356,,,1728,0,,398,4668695,58021,,,4668695,,167,193388,174388,3345,0,,,,,233697,114939,,0,4862083,61366,328693,,,,,0,4902392,62103
"2020-10-29","MI","A+",7653,7298,47,355,,,1332,0,,320,4610674,48606,,,4610674,,153,190043,171220,4109,0,,,,,229615,114939,,0,4800717,52715,327051,,,,,0,4840289,107564
"2020-10-28","MI","A+",7606,7257,21,349,,,1332,0,,320,4562068,50942,,,4562068,,153,185934,167545,3590,0,,,,,225150,114939,,0,4748002,54532,323494,,,,,0,4732725,0
"2020-10-27","MI","A+",7585,7239,33,346,,,1332,0,,320,4511126,38407,,,4511126,,146,182344,164274,2675,0,,,,,221599,114939,,0,4693470,41082,323494,,,,,0,4732725,41246
"2020-10-26","MI","A+",7552,7211,30,341,,,1332,0,,320,4472719,68340,,,4472719,,140,179669,161907,4057,0,,,,,218760,114939,,0,4652388,72397,322810,,,,,0,4691479,72917
"2020-10-25","MI","A+",7522,7182,0,340,,,1182,0,,273,4404379,0,,,4404379,,121,175612,158026,0,0,,,,,214183,114939,,0,4579991,0,321825,,,,,0,4618562,0
"2020-10-24","MI","A+",7522,7182,38,340,,,1182,0,,273,4404379,50615,,,4404379,,121,175612,158026,3490,0,,,,,214183,114939,,0,4579991,54105,321825,,,,,0,4618562,53493
"2020-10-23","MI","A+",7484,7147,20,337,,,1182,0,,273,4353764,54977,,,4353764,,121,172122,154688,2046,0,,,,,211305,109539,,0,4525886,57023,318590,,,,,0,4565069,58181
"2020-10-22","MI","A+",7464,7129,46,335,,,1182,0,,273,4298787,45828,,,4298787,,112,170076,152862,2204,0,,,,,208101,109539,,0,4468863,48032,317645,,,,,0,4506888,48224
"2020-10-21","MI","A+",7418,7086,35,332,,,1050,0,,267,4252959,33162,,,4252959,,112,167872,150989,1878,0,,,,,205705,109539,,0,4420831,35040,316762,,,,,0,4458664,35177
"2020-10-20","MI","A+",7383,7053,20,330,,,1050,0,,267,4219797,48296,,,4219797,,106,165994,149392,1871,0,,,,,203690,109539,,0,4385791,50167,316115,,,,,0,4423487,50752
"2020-10-19","MI","A+",7363,7031,46,332,,,1050,0,,267,4171501,59863,,,4171501,,95,164123,147806,5004,0,,,,,201234,109539,,0,4335624,64867,315661,,,,,0,4372735,111021
"2020-10-18","MI","A+",7317,6987,0,330,,,1000,0,,254,4111638,0,,,4111638,,94,159119,143106,0,0,,,,,197889,109539,,0,4270757,0,310344,,,,,0,4261714,0
"2020-10-17","MI","A+",7317,6987,0,330,,,1000,0,,254,4111638,45347,,,4111638,,94,159119,143106,0,0,,,,,197889,109539,,0,4270757,45347,310344,,,,,0,4261714,0
"2020-10-16","MI","A+",7317,6987,15,330,,,1000,0,,254,4066291,51215,,,4066291,,94,159119,143106,2206,0,,,,,195423,104271,,0,4225410,53421,310344,,,,,0,4261714,53356
"2020-10-15","MI","A+",7302,6973,34,329,,,1000,0,,254,4015076,40119,,,4015076,,95,156913,141091,2458,0,,,,,193282,104271,,0,4171989,42577,309383,,,,,0,4208358,42122
"2020-10-14","MI","A+",7268,6941,13,327,,,899,0,,230,3974957,28260,,,3974957,,95,154455,139061,1593,0,,,,,191279,104271,,0,4129412,29853,308581,,,,,0,4166236,29588
"2020-10-13","MI","A+",7255,6928,30,327,,,899,0,,230,3946697,36996,,,3946697,,95,152862,137702,1466,0,,,,,189951,104271,,0,4099559,38462,308055,,,,,0,4136648,38839
"2020-10-12","MI","A+",7225,6898,6,327,,,899,0,,230,3909701,48856,,,3909701,,105,151396,136465,1932,0,,,,,188108,104271,,0,4061097,50788,307599,,,,,0,4097809,51027
"2020-10-11","MI","A+",7219,6891,0,328,,,862,0,,220,3860845,0,,,3860845,,85,149464,134656,0,0,,,,,185937,104271,,0,4010309,0,306564,,,,,0,4046782,0
"2020-10-10","MI","A+",7219,6891,19,328,,,862,0,,220,3860845,43645,,,3860845,,85,149464,134656,1648,0,,,,,185937,104271,,0,4010309,45293,306564,,,,,0,4046782,45518
"2020-10-09","MI","A+",7200,6876,7,324,,,862,0,,220,3817200,41853,,,3817200,,85,147816,133134,1323,0,,,,,184064,99521,,0,3965016,43176,303491,,,,,0,4001264,43498
"2020-10-08","MI","A+",7193,6869,24,324,,,862,0,,220,3775347,40804,,,3775347,,85,146493,132039,1401,0,,,,,182419,99521,,0,3921840,42205,302572,,,,,0,3957766,42115
"2020-10-07","MI","A+",7169,6847,8,322,,,687,0,,201,3734543,33459,,,3734543,,88,145092,130842,1214,0,,,,,181108,99521,,0,3879635,34673,301600,,,,,0,3915651,34681
"2020-10-06","MI","A+",7161,6838,22,323,,,678,0,,158,3701084,24983,,,3701084,,75,143878,129826,1152,0,,,,,179886,99521,,0,3844962,26135,300923,,,,,0,3880970,25864
"2020-10-05","MI","A+",7139,6816,15,323,,,678,0,,158,3676101,53098,,,3676101,,67,142726,128923,1455,0,,,,,179005,99521,,0,3818827,54553,299146,,,,,0,3855106,55071
"2020-10-04","MI","A+",7124,6801,0,323,,,678,0,,158,3623003,0,,,3623003,,62,141271,127516,0,0,,,,,177032,99521,,0,3764274,0,297983,,,,,0,3800035,0
"2020-10-03","MI","A+",7124,6801,14,323,,,678,0,,158,3623003,39251,,,3623003,,62,141271,127516,1275,0,,,,,177032,99521,,0,3764274,40526,297983,,,,,0,3800035,40437
"2020-10-02","MI","A+",7110,6788,8,322,,,678,0,,158,3583752,39183,,,3583752,,62,139996,126358,984,0,,,,,175846,95051,,0,3723748,40167,296844,,,,,0,3759598,40411
"2020-10-01","MI","A+",7102,6781,19,321,,,678,0,,158,3544569,34721,,,3544569,,67,139012,125578,998,0,,,,,174618,95051,,0,3683581,35719,295830,,,,,0,3719187,35925
"2020-09-30","MI","A+",7083,6762,11,321,,,557,0,,137,3509848,28584,,,3509848,,59,138014,124687,1194,0,,,,,173414,95051,,0,3647862,29778,294558,,,,,0,3683262,29538
"2020-09-29","MI","A+",7072,6751,21,321,,,557,0,,137,3481264,22976,,,3481264,,60,136820,123633,1118,0,,,,,172460,95051,,0,3618084,24094,292652,,,,,0,3653724,23821
"2020-09-28","MI","A+",7051,6731,7,320,,,557,0,,137,3458288,49604,,,3458288,,51,135702,122735,1329,0,,,,,171615,95051,,0,3593990,50933,292255,,,,,0,3629903,51319
"2020-09-27","MI","A+",7044,6723,0,321,,,558,0,,139,3408684,0,,,3408684,,52,134373,121427,0,0,,,,,169900,95051,,0,3543057,0,291180,,,,,0,3578584,0
"2020-09-26","MI","A+",7044,6723,17,321,,,558,0,,139,3408684,39749,,,3408684,,52,134373,121427,996,0,,,,,169900,95051,,0,3543057,40745,291180,,,,,0,3578584,40941
"2020-09-25","MI","A+",7027,6708,8,319,,,558,0,,139,3368935,38448,,,3368935,,52,133377,120526,1040,0,,,,,168708,90216,,0,3502312,39488,289151,,,,,0,3537643,39572
"2020-09-24","MI","A+",7019,6700,6,319,,,558,0,,139,3330487,36639,,,3330487,,50,132337,119597,1078,0,,,,,167584,90216,,0,3462824,37717,288257,,,,,0,3498071,37781
"2020-09-23","MI","A+",7013,6692,16,321,,,501,0,,146,3293848,33327,,,3293848,,58,131259,118615,902,0,,,,,166442,90216,,0,3425107,34229,287162,,,,,0,3460290,34332
"2020-09-22","MI","A+",6997,6680,16,317,,,501,0,,146,3260521,19516,,,3260521,,56,130357,117910,695,0,,,,,165437,90216,,0,3390878,20211,285455,,,,,0,3425958,20184
"2020-09-21","MI","A+",6981,6665,12,316,,,501,0,,146,3241005,50623,,,3241005,,64,129662,117406,1575,0,,,,,164769,90216,,0,3370667,52198,285076,,,,,0,3405774,52088
"2020-09-20","MI","A+",6969,6653,0,316,,,557,0,,150,3190382,0,,,3190382,,64,128087,115870,0,0,,,,,163304,90216,,0,3318469,0,283882,,,,,0,3353686,0
"2020-09-19","MI","A+",6969,6653,15,316,,,557,0,,150,3190382,32852,,,3190382,,64,128087,115870,587,0,,,,,163304,90216,,0,3318469,33439,283882,,,,,0,3353686,33899
"2020-09-18","MI","A+",6954,6638,-1,316,,,557,0,,150,3157530,32521,,,3157530,,64,127500,115387,778,0,,,,,162257,85513,,0,3285030,33299,282669,,,,,0,3319787,33566
"2020-09-17","MI","A+",6955,6632,12,323,,,590,0,,152,3125009,32290,,,3125009,,67,126722,114692,980,0,,,,,161212,85513,,0,3251731,33270,279980,,,,,0,3286221,33274
"2020-09-16","MI","A+",6943,6623,11,320,,,590,0,,152,3092719,30067,,,3092719,,65,125742,113863,773,0,,,,,160228,85513,,0,3218461,30840,270746,,,,,0,3252947,31041
"2020-09-15","MI","A+",6932,6612,11,320,,,590,0,,152,3062652,24852,,,3062652,,68,124969,113183,682,0,,,,,159254,85513,,0,3187621,25534,270031,,,,,0,3221906,25779
"2020-09-14","MI","A+",6921,6601,10,320,,,590,0,,152,3037800,50248,,,3037800,,82,124287,112612,1229,0,,,,,158327,85513,,0,3162087,51477,269507,,,,,0,3196127,51636
"2020-09-13","MI","A+",6911,6591,0,320,,,627,0,,172,2987552,0,,,2987552,,77,123058,111524,0,0,,,,,156939,85513,,0,3110610,0,268368,,,,,0,3144491,0
"2020-09-12","MI","A+",6911,6591,11,320,,,627,0,,172,2987552,37017,,,2987552,,77,123058,111524,807,0,,,,,156939,85513,,0,3110610,37824,268368,,,,,0,3144491,38323
"2020-09-11","MI","A+",6900,6578,6,322,,,627,0,,172,2950535,34933,,,2950535,,77,122251,110832,1405,0,,,,,155633,80678,,0,3072786,36338,267328,,,,,0,3106168,36473
"2020-09-10","MI","A+",6894,6569,7,325,,,627,0,,172,2915602,32188,,,2915602,,75,120846,109519,983,0,,,,,154093,80678,,0,3036448,33171,266151,,,,,0,3069695,33202
"2020-09-09","MI","A+",6887,6552,76,335,,,616,0,,158,2883414,22232,,,2883414,,70,119863,108595,961,0,,,,,153079,80678,,0,3003277,23193,265430,,,,,0,3036493,23137
"2020-09-08","MI","A+",6811,6539,1,272,,,616,0,,158,2861182,16907,,,2861182,,76,118902,107812,499,0,,,,,152174,80678,,0,2980084,17406,264994,,,,,0,3013356,17470
"2020-09-07","MI","A+",6810,6538,4,272,,,616,0,,158,2844275,42464,,,2844275,,71,118403,107371,1212,0,,,,,151611,80678,,0,2962678,43676,264881,,,,,0,2995886,44071
"2020-09-06","MI","A+",6806,6534,0,272,,,616,0,,158,2801811,0,,,2801811,,71,117191,106215,0,0,,,,,150004,80678,,0,2919002,0,263721,,,,,0,2951815,0
"2020-09-05","MI","A+",6806,6534,8,272,,,616,0,,158,2801811,40125,,,2801811,,71,117191,106215,896,0,,,,,150004,80678,,0,2919002,41021,263721,,,,,0,2951815,40903
"2020-09-04","MI","A+",6798,6526,7,272,,,616,0,,158,2761686,27477,,,2761686,,75,116295,105377,1053,0,,,,,148506,76151,,0,2877981,28530,262033,,,,,0,2910912,29205
"2020-09-03","MI","A+",6791,6519,10,272,,,616,0,,158,2734209,31861,,,2734209,,75,115242,104395,774,0,,,,,147498,76151,,0,2849451,32635,261011,,,,,0,2881707,32855
"2020-09-02","MI","A+",6781,6509,14,272,,,629,0,,156,2702348,26761,,,2702348,,78,114468,103710,648,0,,,,,146504,76151,,0,2816816,27409,259606,,,,,0,2848852,27594
"2020-09-01","MI","A+",6767,6495,14,272,,,629,0,,156,2675587,24181,,,2675587,,83,113820,103186,795,0,,,,,145671,76151,,0,2789407,24976,258577,,,,,0,2821258,24996
"2020-08-31","MI","A+",6753,6480,5,273,,,629,0,,156,2651406,19138,,,2651406,,90,113025,102468,499,0,,,,,144856,76151,,0,2764431,19637,257840,,,,,0,2796262,19765
"2020-08-30","MI","A+",6748,6473,36,275,,,669,0,,184,2632268,59530,,,2632268,,93,112526,102017,1390,0,,,,,144229,76151,,0,2744794,60920,257397,,,,,0,2776497,27091
"2020-08-29","MI","A+",6712,6446,0,266,,,669,0,,184,2572738,0,,,2572738,,93,111136,100699,0,0,,,,,142390,76151,,0,2683874,0,256585,,,,,0,2749406,34278
"2020-08-28","MI","A+",6712,6446,6,266,,,669,0,,184,2572738,32250,,,2572738,,93,111136,100699,793,0,,,,,142390,72580,,0,2683874,33043,253766,,,,,0,2715128,33342
"2020-08-27","MI","A+",6706,6440,16,266,,,669,0,,184,2540488,29616,,,2540488,,85,110343,99958,863,0,,,,,141298,72580,,0,2650831,30479,252101,,,,,0,2681786,30717
"2020-08-26","MI","A+",6690,6424,6,266,,,637,0,,186,2510872,40334,,,2510872,,93,109480,99200,843,0,,,,,140197,72580,,0,2620352,41177,250244,,,,,0,2651069,41345
"2020-08-25","MI","A+",6684,6417,21,267,,,637,0,,186,2470538,23330,,,2470538,,86,108637,98439,951,0,,,,,139186,72580,,0,2579175,24281,249056,,,,,0,2609724,24298
"2020-08-24","MI","A+",6663,6397,4,266,,,637,0,,186,2447208,20544,,,2447208,,86,107686,97660,878,0,,,,,138218,72580,,0,2554894,21422,248310,,,,,0,2585426,21092
"2020-08-23","MI","A+",6659,6393,4,266,,,646,0,,173,2426664,73669,,,2426664,,95,106808,96792,764,0,,,,,137670,72580,,0,2533472,74433,247944,,,,,0,2564334,76129
"2020-08-22","MI","A+",6655,6389,21,266,,,646,0,,173,2352995,31911,,,2352995,,95,106044,96024,1426,0,,,,,135210,72580,,0,2459039,33337,244940,,,,,0,2488205,33018
"2020-08-21","MI","A+",6634,6368,0,266,,,646,0,,173,2321084,0,,,2321084,,95,104618,94697,0,0,,,,,134103,67778,,0,2425702,0,243222,,,,,0,2455187,0
"2020-08-20","MI","A+",6634,6368,16,266,,,646,0,,173,2321084,29987,,,2321084,,81,104618,94697,527,0,,,,,134103,67778,,0,2425702,30514,243222,,,,,0,2455187,31183
"2020-08-19","MI","A+",6618,6349,10,269,,,653,0,,169,2291097,31975,,,2291097,,82,104091,94278,688,0,,,,,132907,67778,,0,2395188,32663,240643,,,,,0,2424004,32955
"2020-08-18","MI","A+",6608,6340,16,268,,,653,0,,169,2259122,21664,,,2259122,,89,103403,93662,654,0,,,,,131927,67778,,0,2362525,22318,239798,,,,,0,2391049,22267
"2020-08-17","MI","A+",6592,6325,0,267,,,653,0,,169,2237458,18667,,,2237458,,89,102749,93185,490,0,,,,,131324,67778,,0,2340207,19157,238946,,,,,0,2368782,19351
"2020-08-16","MI","A+",6592,6324,6,268,,,713,0,,184,2218791,28794,,,2218791,,87,102259,92720,477,0,,,,,130640,67778,,0,2321050,29271,238181,,,,,0,2349431,29874
"2020-08-15","MI","A+",6586,6318,20,268,,,713,0,,184,2189997,29570,,,2189997,,87,101782,92155,1058,0,,,,,129560,67778,,0,2291779,30628,237323,,,,,0,2319557,30824
"2020-08-14","MI","A+",6566,6300,11,266,,,713,0,,184,2160427,37897,,,2160427,,87,100724,91140,868,0,,,,,128306,63636,,0,2261151,38765,235572,,,,,0,2288733,39292
"2020-08-13","MI","A+",6555,6289,16,266,,,713,0,,184,2122530,39378,,,2122530,,90,99856,90392,1167,0,,,,,126911,63636,,0,2222386,40545,233568,,,,,0,2249441,40629
"2020-08-12","MI","A+",6539,6273,6,266,,,640,0,,185,2083152,34811,,,2083152,,84,98689,89271,476,0,,,,,125660,63636,,0,2181841,35287,231232,,,,,0,2208812,35914
"2020-08-11","MI","A+",6533,6264,7,269,,,640,0,,185,2048341,23058,,,2048341,,85,98213,88756,907,0,,,,,124557,63636,,0,2146554,23965,230011,,,,,0,2172898,24112
"2020-08-10","MI","A+",6526,6257,7,269,,,640,0,,185,2025283,20677,,,2025283,,132,97306,87960,580,0,,,,,123503,63636,,0,2122589,21257,229030,,,,,0,2148786,21438
"2020-08-09","MI","A+",6519,6249,-1,270,,,694,0,,232,2004606,25676,,,2004606,,132,96726,87403,535,0,,,,,122742,63636,,0,2101332,26211,228519,,,,,0,2127348,26500
"2020-08-08","MI","A+",6520,6250,-4,270,,,694,0,,232,1978930,37805,,,1978930,,132,96191,86889,721,0,,,,,121918,63636,,0,2075121,38526,227521,,,,,0,2100848,38892
"2020-08-07","MI","A+",6524,6247,18,277,,,694,0,,232,1941125,29203,,,1941125,,132,95470,86191,814,0,,,,,120831,60022,,0,2036595,30017,225674,,,,,0,2061956,30302
"2020-08-06","MI","A+",6506,6247,28,259,,,694,0,,232,1911922,25343,,,1911922,,132,94656,85429,763,0,,,,,119732,60022,,0,2006578,26106,223982,,,,,0,2031654,26160
"2020-08-05","MI","A+",6478,6221,7,257,,,694,0,,232,1886579,25339,,,1886579,,132,93893,84707,718,0,,,,,118915,60022,,0,1980472,26057,222019,,,,,0,2005494,26237
"2020-08-04","MI","A+",6471,6219,8,252,,,694,0,,232,1861240,26791,,,1861240,,132,93175,84050,801,0,,,,,118017,60022,,0,1954415,27592,220799,,,,,0,1979257,27702
"2020-08-03","MI","A+",6463,6212,6,251,,,694,0,,232,1834449,24369,,,1834449,,132,92374,83386,613,0,,,,,117106,60022,,0,1926823,24982,218538,,,,,0,1951555,25207
"2020-08-02","MI","A+",6457,6206,0,251,,,727,0,,238,1810080,24582,,,1810080,,144,91761,82782,429,0,,,,,116268,60022,,0,1901841,25011,217937,,,,,0,1926348,25433
"2020-08-01","MI","A+",6457,6206,7,251,,,727,0,,238,1785498,31625,,,1785498,,144,91332,82356,758,0,,,,,115417,60022,,0,1876830,32383,216608,,,,,0,1900915,32759
"2020-07-31","MI","A+",6450,6199,7,251,,,727,0,,238,1753873,30476,,,1753873,,144,90574,81621,793,0,,,,,114283,57502,,0,1844447,31269,214923,,,,,0,1868156,31572
"2020-07-30","MI","A+",6443,6191,21,252,,,727,0,,238,1723397,19138,,,1723397,,153,89781,80887,807,0,,,,,113187,57502,,0,1813178,19945,212732,,,,,0,1836584,16779
"2020-07-29","MI","A+",6422,6172,1,250,,,670,0,,195,1704259,64335,,,1704259,,135,88974,80172,1016,0,,,,,115546,57502,,0,1793233,65351,210763,,,,,0,1819805,67930
"2020-07-28","MI","A+",6421,6170,16,251,,,670,0,,195,1639924,26608,,,1639924,,135,87958,79176,785,0,,,,,111951,57502,,0,1727882,27393,209655,,,,,0,1751875,27983
"2020-07-27","MI","A+",6405,6154,5,251,,,670,0,,195,1613316,29233,,,1613316,,113,87173,78507,512,0,,,,,110576,57502,,0,1700489,29745,208729,,,,,0,1723892,30180
"2020-07-26","MI","A+",6400,6149,0,251,,,680,0,,210,1584083,54509,,,1584083,,113,86661,78019,1589,0,,,,,109629,57502,,0,1670744,56098,207540,,,,,0,1693712,56695
"2020-07-25","MI","A+",6400,6151,0,249,,,751,0,,215,1529574,0,,,1529574,,113,85072,76541,0,0,,,,,107443,55162,,0,1614646,0,204810,,,,,0,1637017,0
"2020-07-24","MI","A+",6400,6151,5,249,,,751,0,,215,1529574,27281,,,1529574,,113,85072,76541,641,0,,,,,107443,55162,,0,1614646,27922,204810,,,,,0,1637017,28357
"2020-07-23","MI","A+",6395,6148,7,247,,,680,0,,210,1502293,26410,,,1502293,,120,84431,75947,701,0,,,,,106367,55162,,0,1586724,27111,202720,,,,,0,1608660,27375
"2020-07-22","MI","A+",6388,6141,6,247,,,680,0,,210,1475883,29567,,,1475883,,120,83730,75248,671,0,,,,,105402,55162,,0,1559613,30238,200528,,,,,0,1581285,30588
"2020-07-21","MI","A+",6382,6135,9,247,,,680,0,,210,1446316,21922,,,1446316,,130,83059,74725,664,0,,,,,104381,55162,,0,1529375,22586,199230,,,,,0,1550697,22893
"2020-07-20","MI","A+",6373,6126,7,247,,,680,0,,210,1424394,21803,,,1424394,,102,82395,74152,527,0,,,,,103410,55162,,0,1506789,22330,198479,,,,,0,1527804,22600
"2020-07-19","MI","A+",6366,6119,2,247,,,680,0,,201,1402591,27851,,,1402591,,102,81868,73663,530,0,,,,,102613,55162,,0,1484459,28381,197569,,,,,0,1505204,28819
"2020-07-18","MI","A+",6364,6117,9,247,,,680,0,,201,1374740,29827,,,1374740,,102,81338,73180,745,0,,,,,101645,55162,,0,1456078,30572,195843,,,,,0,1476385,31024
"2020-07-17","MI","A+",6355,6108,7,247,,,680,0,,201,1344913,29598,,,1344913,,88,80593,72502,754,0,,,,,100448,53867,,0,1425506,30352,192929,,,,,0,1445361,30559
"2020-07-16","MI","A+",6348,6101,18,247,,,680,0,,201,1315315,26309,,,1315315,,107,79839,71842,926,0,,,,,99487,53867,,0,1395154,27235,190043,,,,,0,1414802,27257
"2020-07-15","MI","A+",6330,6085,4,245,,,543,0,,184,1289006,33084,,,1289006,,107,78913,71197,1049,0,,,,,98539,53867,,0,1367919,34133,187617,,,,,0,1387545,34363
"2020-07-14","MI","A+",6326,6081,5,245,,,543,0,,184,1255922,19693,,,1255922,,109,77864,70306,666,0,,,,,97260,53867,,0,1333786,20359,186178,,,,,0,1353182,20515
"2020-07-13","MI","A+",6321,6075,7,246,,,543,0,,184,1236229,16850,,,1236229,,113,77198,69722,422,0,,,,,96438,53867,,0,1313427,17272,185189,,,,,0,1332667,17362
"2020-07-12","MI","A+",6314,6068,1,246,,,505,0,,174,1219379,21627,,,1219379,,99,76776,69338,406,0,,,,,95926,53867,,0,1296155,22033,183784,,,,,0,1315305,22354
"2020-07-11","MI","A+",6313,6067,28,246,,,505,0,,174,1197752,26632,,,1197752,,99,76370,68948,685,0,,,,,95199,53867,,0,1274122,27317,182310,,,,,0,1292951,27607
"2020-07-10","MI","A+",6285,6039,14,246,,,505,0,,174,1171120,22630,,,1171120,,92,75685,68295,622,0,,,,,94224,52841,,0,1246805,23252,179789,,,,,0,1265344,23382
"2020-07-09","MI","A+",6271,6024,9,247,,,505,0,,174,1148490,23038,,,1148490,,93,75063,67683,512,0,,,,,93472,52841,,0,1223553,23550,177549,,,,,0,1241962,23909
"2020-07-08","MI","A+",6262,6015,11,247,,,505,0,,174,1125452,22841,,,1125452,,93,74551,67237,651,0,,,,,92601,52841,,0,1200003,23492,174840,,,,,0,1218053,23735
"2020-07-07","MI","A+",6251,6005,30,246,,,505,0,,174,1102611,16517,,,1102611,,99,73900,66627,631,0,,,,,91707,52841,,0,1176511,17148,173395,,,,,0,1194318,17071
"2020-07-06","MI","A+",6221,5975,3,246,,,505,0,,174,1086094,12216,,,1086094,,92,73269,66173,328,0,,,,,91153,52841,,0,1159363,12544,172386,,,,,0,1177247,12581
"2020-07-05","MI","A+",6218,5972,0,246,,,548,0,,193,1073878,16305,,,1073878,,92,72941,65876,360,0,,,,,90788,52841,,0,1146819,16665,172203,,,,,0,1164666,16830
"2020-07-04","MI","A+",6218,5972,3,246,,,548,0,,193,1057573,21483,,,1057573,,92,72581,65533,406,0,,,,,90263,52841,,0,1130154,21889,170893,,,,,0,1147836,22098
"2020-07-03","MI","A+",6215,5969,3,246,,,548,0,,193,1036090,22631,,,1036090,,92,72175,65135,497,0,,,,,89648,51099,,0,1108265,23128,168588,,,,,0,1125738,23326
"2020-07-02","MI","A+",6212,5966,14,246,,,548,0,,193,1013459,22689,,,1013459,,103,71678,64675,589,0,,,,,88953,51099,,0,1085137,23278,165567,,,,,0,1102412,23423
"2020-07-01","MI","A+",6198,5951,5,247,,,471,0,,179,990770,16441,,,990770,,103,71089,64132,361,0,,,,,88219,51099,,0,1061859,16802,162911,,,,,0,1078989,16873
"2020-06-30","MI","A+",6193,5947,32,246,,,471,0,,179,974329,15177,,,974329,,98,70728,63870,505,0,,,,,87787,51099,,0,1045057,15682,160431,,,,,0,1062116,15571
"2020-06-29","MI","A+",6161,5915,3,246,,,557,0,,193,959152,12419,,,959152,,106,70223,63497,277,0,,,,,87393,51099,,0,1029375,12696,158486,,,,,0,1046545,12725
"2020-06-28","MI","A+",6158,5912,5,246,,,557,0,,193,946733,15591,,,946733,,106,69946,63261,267,0,,,,,87087,51099,,0,1016679,15858,156996,,,,,0,1033820,15965
"2020-06-27","MI","A+",6153,5907,19,246,,,557,0,,193,931142,18765,,,931142,,106,69679,63009,350,0,,,,,86713,51099,,0,1000821,19115,154909,,,,,0,1017855,19365
"2020-06-26","MI","A+",6134,5888,1,246,,,557,0,,193,912377,18527,,,912377,,106,69329,62695,340,0,,,,,86113,49290,,0,981706,18867,151973,,,,,0,998490,19072
"2020-06-25","MI","A+",6133,5886,19,247,,,557,0,,193,893850,17600,,,893850,,115,68989,62306,434,0,,,,,85568,49290,,0,962839,18034,148912,,,,,0,979418,18050
"2020-06-24","MI","A+",6114,5868,5,246,,,557,0,,209,876250,15779,,,876250,,124,68555,61953,358,0,,,,,85118,49290,,0,944805,16137,146035,,,,,0,961368,16159
"2020-06-23","MI","A+",6109,5864,12,245,,,557,0,,209,860471,10411,,,860471,,99,68197,61630,240,0,,,,,84738,49290,,0,928668,10651,144088,,,,,0,945209,10664
"2020-06-22","MI","A+",6097,5853,7,244,,,557,0,,209,850060,10345,,,850060,,99,67957,61409,246,0,,,,,84485,49290,,0,918017,10591,143099,,,,,0,934545,10584
"2020-06-21","MI","A+",6090,5846,3,244,,,557,0,,209,839715,12626,,,839715,,99,67711,61230,166,0,,,,,84246,49290,,0,907426,12792,141941,,,,,0,923961,12933
"2020-06-20","MI","A+",6087,5843,20,244,,,557,0,,209,827089,14258,,,827089,,99,67545,61084,448,0,,,,,83939,49290,,0,894634,14706,140185,,,,,0,911028,14646
"2020-06-19","MI","A+",6067,5823,6,244,,,557,0,,209,812831,29443,,,812831,,99,67097,60829,299,0,,,,,83551,44964,,0,879928,29742,137858,,,,,0,896382,30105
"2020-06-18","MI","A+",6061,5818,25,243,,,557,0,,209,783388,0,,,783388,,101,66798,60618,301,0,,,,,82889,44964,,0,850186,301,132227,,,,,0,866277,0
"2020-06-17","MI","A+",6036,5792,2,244,,,562,0,,210,783388,14123,,,783388,,131,66497,60393,228,0,,,,,82889,44964,,0,849885,14351,132227,,,,,0,866277,14447
"2020-06-16","MI","A+",6034,5790,17,244,,,562,0,,210,769265,11313,,,769265,,131,66269,60189,184,0,,,,,82565,44964,,0,835534,11497,130254,,,,,0,851830,11964
"2020-06-15","MI","A+",6017,5772,1,245,,,562,0,,210,757952,10508,,,757952,,139,66085,60064,31,0,,,,,82274,44964,,0,824037,10539,128657,,,,,0,839866,10343
"2020-06-14","MI","A+",6016,5771,3,245,,,636,0,,253,747444,13797,,,747444,,139,66054,59990,218,0,,,,,82079,44964,,0,813498,14015,127842,,,,,0,829523,14149
"2020-06-13","MI","A+",6013,5768,23,245,,,636,0,,253,733647,13032,,,733647,,139,65836,59801,164,0,,,,,81727,44964,,0,799483,13196,125950,,,,,0,815374,13338
"2020-06-12","MI","A+",5990,5745,5,245,,,636,0,,253,720615,15544,,,720615,,139,65672,59621,223,0,,,,,81421,42041,,0,786287,15767,122843,,,,,0,802036,15882
"2020-06-11","MI","A+",5985,5738,33,247,,,661,0,,249,705071,14202,,,705071,,150,65449,59496,267,0,,,,,81083,42041,,0,770520,14469,120796,,,,,0,786154,14602
"2020-06-10","MI","A+",5952,5708,1,244,,,661,0,,249,690869,0,,,690869,,150,65182,59278,15,0,,,,,80683,42041,,0,756051,15,116586,,,,,0,771552,0
"2020-06-09","MI","A+",5951,5708,9,244,,,661,0,,249,690869,16809,,,690869,,150,65167,59265,63,0,,,,,80683,42041,,0,756036,16872,116586,,,,,0,771552,17144
"2020-06-08","MI","A+",5942,5707,15,244,,,661,0,,249,674060,12804,,,674060,,191,65104,59211,135,0,,,,,80348,42041,,0,739164,12939,114914,,,,,0,754408,13040
"2020-06-07","MI","A+",5927,5698,11,244,,,864,0,,315,661256,10314,,,661256,,191,64969,59107,55,0,,,,,80112,42041,,0,726225,10369,113451,,,,,0,741368,10531
"2020-06-06","MI","A+",5916,5683,7,244,,,864,0,,315,650942,10492,,,650942,,191,64914,59073,93,0,,,,,79895,42041,,0,715856,10585,111125,,,,,0,730837,10749
"2020-06-05","MI","A+",5909,5672,8,244,,,617,0,,321,640450,12543,,,640450,,205,64821,59001,205,0,,,,,79638,38099,,0,705271,12748,104273,,,,,0,720088,12958
"2020-06-04","MI","A+",5901,5665,17,244,,,617,0,,321,627907,14734,,,627907,,205,64616,58878,234,0,,,,,79223,38099,,0,692523,14968,101172,,,,,0,707130,15114
"2020-06-03","MI","A+",5884,5657,15,243,,,646,0,,328,613173,16101,,,613173,,224,64382,58760,279,0,,,,,78843,38099,,0,677555,16380,98953,,,,,0,692016,16696
"2020-06-02","MI","A+",5869,5641,26,242,,,674,0,,346,597072,15648,,,597072,,240,64103,58594,290,0,,,,,78248,38099,,0,661175,15938,97108,,,,,0,675320,16167
"2020-06-01","MI","A+",5843,5627,25,242,,,674,0,,346,581424,14232,,,581424,,240,63813,58417,245,0,,,,,77729,38099,,0,645237,14477,67783,,,,,0,659153,14634
"2020-05-31","MI","A+",5818,5601,16,240,,,774,0,,371,567192,12683,,,567192,,250,63568,58254,247,0,,,,,77327,38099,,0,630760,12930,67783,,,,,0,644519,13152
"2020-05-30","MI","A+",5802,5578,24,240,,,774,0,,371,554509,15641,,,554509,,250,63321,58065,205,0,,,,,76858,38099,,0,617830,15846,67783,,,,,0,631367,16229
"2020-05-29","MI","A+",5778,5562,27,240,,,774,0,,371,538868,16205,,,538868,,250,63116,57904,319,0,,,,,76270,33168,,0,601984,16524,67783,,,,,0,615138,17310
"2020-05-28","MI","A+",5751,5538,24,240,,,860,0,,405,522663,17054,,,522663,,251,62797,57695,336,0,,,,,75165,33168,,0,585460,17390,67783,,,,,0,597828,18146
"2020-05-27","MI","A+",5727,5511,24,240,,,882,0,,388,505609,17703,,,505609,,272,62461,57477,386,0,,,,,74073,33168,,0,568070,18089,67783,,,,,0,579682,18587
"2020-05-26","MI","A+",5703,5487,25,240,,,953,0,,449,487906,11581,,,487906,,319,62075,57205,443,0,,,,,73189,33168,,0,549981,12024,67783,,,,,0,561095,11988
"2020-05-25","MI","A+",5678,5463,38,238,,,953,0,,449,476325,9238,,,476325,,319,61632,56892,175,0,,,,,72782,33168,,0,537957,9413,67783,,,,,0,549107,9557
"2020-05-24","MI","A+",5640,5440,28,238,,,953,0,,449,467087,11531,,,467087,,319,61457,56741,164,0,,,,,72463,33168,,0,528544,11695,61973,,,,,0,539550,11929
"2020-05-23","MI","A+",5612,5402,26,237,,,953,0,,449,455556,14274,,,455556,,319,61293,56612,218,0,,,,,72065,33168,,0,516849,14492,61973,,,,,0,527621,14869
"2020-05-22","MI","A+",5586,5375,31,237,,,955,0,,470,441282,19494,,,441282,,348,61075,56445,465,0,,,,,71470,28234,,0,502357,19959,,,,,,0,512752,20340
"2020-05-21","MI","A+",5555,5349,41,237,,,1054,0,,472,421788,15940,,,421788,,361,60610,56132,459,0,,,,,70624,28234,,0,482398,16399,,,,,,0,492412,16698
"2020-05-20","MI","A+",5514,5318,44,236,,,1066,0,,492,405848,13640,,,405848,,332,60151,55838,575,0,,,,,69866,28234,,0,465999,14215,,,,,,0,475714,14349
"2020-05-19","MI","A+",5470,5278,43,233,,,1079,0,,486,392208,16093,,,392208,,351,59576,55461,764,0,,,,,69157,28234,,0,451784,16857,,,,,,0,461365,17060
"2020-05-18","MI","A+",5427,5237,31,233,,,1075,0,,473,376115,12567,,,376115,,418,58812,54872,534,0,,,,,68190,28234,,0,434927,13101,,,,,,0,444305,13503
"2020-05-17","MI","A+",5396,5194,39,233,,,1114,0,,488,363548,10392,,,363548,,434,58278,54457,255,0,,,,,67254,28234,,0,421826,10647,,,,,,0,430802,11436
"2020-05-16","MI","A+",5357,5163,32,233,,,1256,0,,532,353156,11329,,,353156,,440,58023,54246,336,0,,,,,66210,28234,,0,411179,11665,,,,,,0,419366,12186
"2020-05-15","MI","A+",5325,5124,47,233,,,1256,0,,532,341827,15170,,,341827,,440,57687,53956,651,0,,,,,65353,22686,,0,399514,15821,,,,,,0,407180,16004
"2020-05-14","MI","A+",5278,5092,46,232,,,1330,0,,653,326657,16415,,,326657,,515,57036,53451,578,0,,,,,64519,22686,,0,383693,16993,,,,,,0,391176,17692
"2020-05-13","MI","A+",5232,5046,44,231,,,1384,0,,693,310242,18541,,,310242,,525,56458,53030,817,0,,,,,63242,22686,,0,366700,19358,,,,,,0,373484,19575
"2020-05-12","MI","A+",5188,5001,49,230,,,1384,0,,693,291701,13408,,,291701,,525,55641,52399,1637,0,,,,,62208,22686,,0,347342,15045,,,,,,0,353909,14066
"2020-05-11","MI","A+",5139,4958,58,228,,,1424,0,,685,278293,10876,,,278293,,557,54004,50925,971,0,,,,,61550,22686,,0,332297,11847,,,,,,0,339843,11509
"2020-05-10","MI","A+",5081,4911,45,228,,,1437,0,,674,267417,8152,,,267417,,536,53033,50129,301,0,,,,,60917,22686,,0,320450,8453,,,,,,0,328334,8654
"2020-05-09","MI","A+",5036,4853,49,227,,,1531,0,,683,259265,11123,,,259265,,539,52732,49871,383,0,,,,,60415,22686,,0,311997,11506,,,,,,0,319680,11879
"2020-05-08","MI","A+",4987,4809,62,215,,,1637,0,,725,248142,11958,,,248142,,570,52349,49565,618,0,,,,,59659,15659,,0,300491,12576,,,,,,0,307801,12785
"2020-05-07","MI","A+",4925,4772,86,211,,,1697,0,,753,236184,11621,,,236184,,612,51731,49064,600,0,,,,,58832,15659,,0,287915,12221,,,,,,0,295016,12565
"2020-05-06","MI","A+",4839,4714,58,209,,,1818,0,,794,224563,11472,,,224563,,617,51131,48572,634,0,,,,,57888,15659,,0,275694,12106,,,,,,0,282451,12496
"2020-05-05","MI","A+",4781,4630,59,208,,,1948,0,,839,213091,10420,,,213091,,670,50497,48034,688,0,,,,,56864,15659,,0,263588,11108,,,,,,0,269955,11419
"2020-05-04","MI","A+",4722,4573,81,206,,,1948,0,,839,202671,7310,,,202671,,670,49809,47451,780,0,,,,,55865,15659,,0,252480,8090,,,,,,0,258536,7947
"2020-05-03","MI","A+",4641,4516,62,205,,,2100,0,,850,195361,6648,,,195361,,713,49029,46783,357,0,,,,,55228,15659,,0,244390,7005,,,,,,0,250589,7223
"2020-05-02","MI","A+",4579,4436,59,203,,,2100,0,,850,188713,9906,,,188713,,713,48672,46455,432,0,,,,,54653,15659,,0,237385,10338,,,,,,0,243366,10838
"2020-05-01","MI","A+",4520,4376,86,203,,,2319,0,,966,178807,9863,,,178807,,760,48240,46072,735,0,,,,,53721,8342,,0,227047,10598,,,,,,0,232528,10950
"2020-04-30","MI","A+",4434,4317,99,202,,,2319,0,,966,168944,10571,,,168944,,760,47505,45406,1017,0,,,,,52634,8342,,0,216449,11588,,,,,,0,221578,11723
"2020-04-29","MI","A+",4335,4232,88,199,,,2498,0,,997,158373,9463,,,158373,,778,46488,44508,950,0,,,,,51482,8342,,0,204861,10413,,,,,,0,209855,10649
"2020-04-28","MI","A+",4247,4136,99,198,,,2623,0,,1027,148910,7938,,,148910,,801,45538,43634,829,0,,,,,50296,8342,,0,194448,8767,,,,,,0,199206,9050
"2020-04-27","MI","A+",4148,4049,112,191,,,2667,0,,1059,140972,6541,,,140972,,832,44709,42885,920,0,,,,,49184,8342,,0,185681,7461,,,,,,0,190156,7399
"2020-04-26","MI","A+",4036,3957,107,190,,,2757,0,,1099,134431,5476,,,134431,,871,43789,42027,526,0,,,,,48326,8342,,0,178220,6002,,,,,,0,182757,6094
"2020-04-25","MI","A+",3929,3846,111,184,,,2889,0,,1164,128955,5901,,,128955,,934,43263,41548,533,0,,,,,47708,8342,,0,172218,6434,,,,,,0,176663,6721
"2020-04-24","MI","B",3818,3745,107,182,,,3022,0,,1176,123054,8049,,,123054,,965,42730,41066,1036,0,,,,,46888,3237,,0,165784,9085,,,,,,0,169942,9089
"2020-04-23","MI","B",3711,3636,109,180,,,3611,0,,1148,115005,8352,,,115005,,1027,41694,40145,989,0,,,,,45848,3237,,0,156699,9341,,,,,,0,160853,9699
"2020-04-22","MI","B",3602,3531,131,174,,,3305,0,,1350,106653,6986,,,106653,,1065,40705,39267,1116,0,,,,,44501,3237,,0,147358,8102,,,,,,0,151154,8341
"2020-04-21","MI","B",3471,3428,124,171,,,3357,0,,1346,99667,6274,,,99667,,1107,39589,38208,1095,0,,,,,43146,3237,,0,139256,7369,,,,,,0,142813,7609
"2020-04-20","MI","B",3347,3300,111,169,,,3374,0,,1346,93393,3635,,,93393,,1102,38494,37170,937,0,,,,,41811,3237,,0,131887,4572,,,,,,0,135204,4527
"2020-04-19","MI","B",3236,3178,129,160,,,3403,0,,1344,89758,2644,,,89758,,1115,37557,36293,528,0,,,,,40919,3237,,0,127315,3172,,,,,,0,130677,3286
"2020-04-18","MI","B",3107,3076,123,152,,,3634,0,,1423,87114,3846,,,87114,,1203,37029,35789,709,0,,,,,40277,3237,,0,124143,4555,,,,,,0,127391,4884
"2020-04-17","MI","B",2984,2955,143,148,,,3674,0,,1428,83268,4994,,,83268,,1167,36320,35118,865,0,,,,,39239,629,,0,119588,5859,,,,,,0,122507,6067
"2020-04-16","MI","B",2841,2836,169,140,,,3809,0,,1447,78274,4446,,,78274,,1211,35455,34298,922,0,,,,,38166,617,,0,113729,5368,,,,,,0,116440,5674
"2020-04-15","MI","B",2672,2701,140,135,,,3918,0,,1468,73828,3153,,,73828,,1212,34533,33448,920,0,,,,,36938,452,,0,108361,4073,,,,,,0,110766,4583
"2020-04-14","MI","B",2532,2537,141,131,,,3910,0,,1497,70675,3612,,,70675,,1235,33613,32572,911,0,,,,,35508,452,,0,104288,4523,,,,,,0,106183,5000
"2020-04-13","MI","B",2391,2401,142,122,,,3986,0,,1570,67063,2508,,,67063,,1365,32702,31715,1036,0,,,,,34120,447,,0,99765,3544,,,,,,0,101183,3590
"2020-04-12","MI","B",2249,2269,168,113,,,3636,0,,1582,64555,2314,,,64555,,1441,31666,30727,686,0,,,,,33038,433,,0,96221,3000,,,,,,0,97593,3286
"2020-04-11","MI","B",2081,2136,164,103,,,3636,0,,1582,62241,2644,,,62241,,1441,30980,30085,808,0,,,,,32066,595,,0,93221,3452,,,,,,0,94307,3755
"2020-04-10","MI","B",1917,1978,161,95,,,3823,0,,1663,59597,3167,,,59597,,1394,30172,29327,1076,0,,,,,30955,56,,0,89769,4243,,,,,,0,90552,4580
"2020-04-09","MI","B",1756,1822,156,88,,,3826,0,,1628,56430,3254,,,56430,,1434,29096,28303,1032,0,,,,,29542,56,,0,85526,4286,,,,,,0,85972,4786
"2020-04-08","MI","B",1600,1668,151,78,,,,0,,,53176,2832,,,53176,,,28064,27334,1100,0,,,,,28010,56,,0,81240,3932,,,,,,0,81186,4053
"2020-04-07","MI","B",1449,1522,158,72,,,,0,,,50344,3082,,,50344,,,26964,26290,1179,0,,,,,26789,56,,0,77308,4261,,,,,,0,77133,4852
"2020-04-06","MI","B",1291,1377,141,66,,,,0,,,47262,3108,,,47262,,,25785,25186,1327,0,,,,,25019,56,,0,73047,4435,,,,,,0,72281,5226
"2020-04-05","MI","B",1150,1225,120,58,,,,0,,,44154,2949,,,44154,,,24458,23908,877,0,,,,,22901,56,,0,68612,3826,,,,,,0,67055,4850
"2020-04-04","MI","B",1030,1092,112,45,,,,0,,,41205,4145,,,41205,,,23581,23071,1002,0,,,,,21000,56,,0,64786,5147,,,,,,0,62205,7109
"2020-04-03","MI","B",918,985,117,39,,,,0,,,37060,3617,,,37060,,,22579,22102,1203,0,,,,,18036,56,,0,59639,4820,,,,,,0,55096,6001
"2020-04-02","MI","B",801,879,125,36,,,,0,,,33443,3492,,,33443,,,21376,20937,1130,0,,,,,15652,,,0,54819,4622,,,,,,0,49095,5907
"2020-04-01","MI","B",676,765,125,35,,,,0,,,29951,3617,,,29951,,,20246,19844,1592,0,,,,,13237,,,0,50197,5209,,,,,,0,43188,6133
"2020-03-31","MI","B",551,641,114,33,,,,0,,,26334,3071,,,26334,,,18654,18318,1291,0,,,,,10721,,,0,44988,4362,,,,,,0,37055,4883
"2020-03-30","MI","B",437,518,86,29,,,,0,,,23263,5846,,,23263,,,17363,17058,1579,0,,,,,8909,,,0,40626,7425,,,,,,0,32172,7860
"2020-03-29","MI","B",351,408,68,25,,,,0,,,17417,1515,,,17417,,,15784,15519,919,0,,,,,6895,,,0,33201,2434,,,,,,0,24312,2392
"2020-03-28","MI","B",283,326,71,19,,,,0,,,15902,1762,,,15902,,,14865,14625,1066,0,,,,,6018,,,0,30767,2828,,,,,,0,21920,2787
"2020-03-27","MI","B",212,264,53,15,,,,0,,,14140,2410,,,14140,,,13799,13585,1324,0,,,,,4993,,,0,27939,3734,,,,,,0,19133,3536
"2020-03-26","MI","D",159,197,48,10,,,,0,,,11730,2888,,,11730,,,12475,12288,1140,0,,,,,3867,,,0,24205,4028,,,,,,0,15597,3815
"2020-03-25","MI","D",111,149,25,8,,,,0,,,8842,1853,,,8842,,,11335,11163,1180,0,,,,,2940,,,0,20177,3033,,,,,,0,11782,2426
"2020-03-24","MI","D",86,103,29,7,,,,0,,,6989,1142,,,6989,,,10155,10006,1093,0,,,,,2367,,,0,17144,2235,,,,,,0,9356,1680
"2020-03-23","MI","D",57,79,21,3,,,,0,,,5847,1056,,,5847,,,9062,8937,1240,0,,,,,1829,,,0,14909,2296,,,,,,0,7676,1453
"2020-03-22","MI",,36,54,13,3,,,,0,,,4791,705,,,4791,,,7822,7726,799,0,,,,,1432,,,0,12613,1504,,,,,,0,6223,1020
"2020-03-21","MI",,23,33,10,3,,,,0,,,4086,1045,,,4086,,,7023,6938,804,0,,,,,1117,,,0,11109,1849,,,,,,0,5203,1358
"2020-03-20","MI",,13,20,3,2,,,,0,,,3041,990,,,3041,,,6219,6150,943,0,,,,,804,,,0,9260,1933,,,,,,0,3845,1255
"2020-03-19","MI",,10,11,5,1,,,,0,,,2051,573,,,2051,,,5276,5221,745,0,,,,,539,,,0,7327,1318,,,,,,0,2590,738
"2020-03-18","MI",,5,9,3,1,,,,0,,,1478,599,,,1478,,,4531,4491,872,0,,,,,374,,,0,6009,1471,,,,,,0,1852,752
"2020-03-17","MI",,2,4,2,1,,,,0,,,879,607,,,879,,,3659,3632,764,0,,,,,221,,,0,4538,1371,,,,,,0,1100,1100
"2020-03-16","MI",,,1,0,1,,,,0,,,272,67,,,,,,2895,2873,707,0,,,,,,,,0,3167,774,,,,,,0,,0
"2020-03-15","MI",,,0,0,1,,,,0,,,205,0,,,,,,2188,2175,460,0,,,,,,,,0,2393,460,,,,,,0,,0
"2020-03-14","MI",,,0,0,1,,,,0,,,205,72,,,,,,1728,1717,367,0,,,,,,,,0,1933,439,,,,,,0,,0
"2020-03-13","MI",,,0,0,1,,,,0,,,133,42,,,,,,1361,1353,364,0,,,,,,,,0,1494,406,,,,,,0,,0
"2020-03-12","MI",,,0,0,1,,,,0,,,91,34,,,,,,997,996,270,0,,,,,,,,0,1088,304,,,,,,0,,0
"2020-03-11","MI",,,0,0,0,,,,0,,,57,18,,,,,,727,727,199,0,,,,,,,,0,784,217,,,,,,0,,0
"2020-03-10","MI",,,0,0,0,,,,0,,,39,3,,,,,,528,528,156,0,,,,,,,,0,567,159,,,,,,0,,0
"2020-03-09","MI",,,0,0,0,,,,0,,,36,10,,,,,,372,372,121,0,,,,,,,,0,408,131,,,,,,0,,0
"2020-03-08","MI",,,0,0,0,,,,0,,,26,8,,,,,,251,251,63,0,,,,,,,,0,277,71,,,,,,0,,0
"2020-03-07","MI",,,0,0,0,,,,0,,,18,10,,,,,,188,188,48,0,,,,,,,,0,206,58,,,,,,0,,0
"2020-03-06","MI",,,0,0,0,,,,0,,,8,0,,,,,,140,140,40,0,,,,,,,,0,148,40,,,,,,0,,0
"2020-03-05","MI",,,0,0,0,,,,0,,,8,8,,,,,,100,100,26,0,,,,,,,,0,108,34,,,,,,0,,0
"2020-03-04","MI",,,0,0,0,,,,0,,,,0,,,,,,74,74,24,0,,,,,,,,0,74,24,,,,,,0,,0
"2020-03-03","MI",,,,0,0,,,,0,,,,0,,,,,,50,50,23,0,,,,,,,,0,50,23,,,,,,0,,0
"2020-03-02","MI",,,,0,0,,,,0,,,,0,,,,,,27,27,13,0,,,,,,,,0,27,13,,,,,,0,,0
"2020-03-01","MI",,,0,0,0,,,,0,,,,0,,,,,,14,14,0,0,,,,,,,,0,14,0,,,,,,0,,0